{
  "templates": [
    {
      "name": "1",
      "points": [
        {
          "x": 197.55206298828125,
          "y": 46.61456298828125
        },
        {
          "x": 216.55206298828125,
          "y": 113.61456298828125
        },
        {
          "x": 229.55206298828125,
          "y": 129.61456298828125
        },
        {
          "x": 242.55206298828125,
          "y": 79.61456298828125
        },
        {
          "x": 242.55206298828125,
          "y": 63.61456298828125
        },
        {
          "x": 243.55206298828125,
          "y": 57.61456298828125
        },
        {
          "x": 244.55206298828125,
          "y": 55.61456298828125
        },
        {
          "x": 246.55206298828125,
          "y": 87.61456298828125
        },
        {
          "x": 250.55206298828125,
          "y": 106.61456298828125
        },
        {
          "x": 259.55206298828125,
          "y": 118.61456298828125
        },
        {
          "x": 266.55206298828125,
          "y": 101.61456298828125
        },
        {
          "x": 278.55206298828125,
          "y": 52.61456298828125
        },
        {
          "x": 280.55206298828125,
          "y": 37.61456298828125
        },
        {
          "x": 280.55206298828125,
          "y": 44.61456298828125
        },
        {
          "x": 282.55206298828125,
          "y": 63.61456298828125
        },
        {
          "x": 296.55206298828125,
          "y": 121.61456298828125
        },
        {
          "x": 311.55206298828125,
          "y": 137.61456298828125
        },
        {
          "x": 325.55206298828125,
          "y": 114.61456298828125
        },
        {
          "x": 348.55206298828125,
          "y": 47.61456298828125
        },
        {
          "x": 351.55206298828125,
          "y": 28.61456298828125
        }
      ]
    },
    {
      "name": "2",
      "points": [
        {
          "x": 160.55206298828125,
          "y": 150.61456298828125
        },
        {
          "x": 168.55206298828125,
          "y": 123.61456298828125
        },
        {
          "x": 206.55206298828125,
          "y": 35.61456298828125
        },
        {
          "x": 244.55206298828125,
          "y": 13.61456298828125
        },
        {
          "x": 261.55206298828125,
          "y": 35.61456298828125
        },
        {
          "x": 280.55206298828125,
          "y": 59.61456298828125
        },
        {
          "x": 297.55206298828125,
          "y": 85.61456298828125
        },
        {
          "x": 316.55206298828125,
          "y": 109.61456298828125
        },
        {
          "x": 327.55206298828125,
          "y": 119.61456298828125
        },
        {
          "x": 342.55206298828125,
          "y": 137.61456298828125
        }
      ]
    }
  ]
}
